PRAGMA foreign_keys=OFF;
BEGIN TRANSACTION;
CREATE TABLE albums 
    (album_id TEXT PRIMARY KEY    NOT NULL,
     album_name           TEXT    ,
	 cover_uri		      TEXT    , 			
     album_uri     TEXT    NOT NULL,
	 sync 		 INTEGER	NOT NULL,	
	 u_id	TEXT	NOT NULL,	
	 FOREIGN KEY (u_id) REFERENCES user_profile(u_id)
	 );
INSERT INTO "albums" VALUES('719288274806775','block','E:/facebook test albums/albums/690053834396886/719288274806775/cover_block','E:/facebook test albums/albums/690053834396886/719288274806775',1,'690053834396886');
INSERT INTO "albums" VALUES('719286078140328','peace','E:/facebook test albums/albums/690053834396886/719286078140328/cover_peace','E:/facebook test albums/albums/690053834396886/719286078140328',1,'690053834396886');
INSERT INTO "albums" VALUES('719278034807799','final test','E:/facebook test albums/albums/690053834396886/719278034807799/cover_final test','E:/facebook test albums/albums/690053834396886/719278034807799',1,'690053834396886');
INSERT INTO "albums" VALUES('719245908144345','test2','E:/facebook test albums/albums/690053834396886/719245908144345/cover_test2','E:/facebook test albums/albums/690053834396886/719245908144345',1,'690053834396886');
INSERT INTO "albums" VALUES('719275171474752','anthima','E:/facebook test albums/albums/690053834396886/719275171474752/cover_anthima','E:/facebook test albums/albums/690053834396886/719275171474752',0,'690053834396886');
INSERT INTO "albums" VALUES('131398956929046','PicBadges Photos','E:/facebook test albums/albums/690053834396886/131398956929046/cover_PicBadges Photos','E:/facebook test albums/albums/690053834396886/131398956929046',1,'690053834396886');
INSERT INTO "albums" VALUES('165167443552197','fb banners','E:/facebook test albums/albums/690053834396886/165167443552197/cover_fb banners','E:/facebook test albums/albums/690053834396886/165167443552197',1,'690053834396886');
INSERT INTO "albums" VALUES('690068334395436','PhotoAlbumManager Photos','E:/facebook test albums/albums/690053834396886/690068334395436/cover_PhotoAlbumManager Photos','E:/facebook test albums/albums/690053834396886/690068334395436',1,'690053834396886');
INSERT INTO "albums" VALUES('107580375977571','Mobile Uploads','E:/facebook test albums/albums/690053834396886/107580375977571/cover_Mobile Uploads','E:/facebook test albums/albums/690053834396886/107580375977571',0,'690053834396886');
INSERT INTO "albums" VALUES('100331856702423','Profile Pictures','E:/facebook test albums/albums/690053834396886/100331856702423/cover_Profile Pictures','E:/facebook test albums/albums/690053834396886/100331856702423',0,'690053834396886');
INSERT INTO "albums" VALUES('245394078862866','Cover Photos','E:/facebook test albums/albums/690053834396886/245394078862866/cover_Cover Photos','E:/facebook test albums/albums/690053834396886/245394078862866',1,'690053834396886');
INSERT INTO "albums" VALUES('687648211304115','~US~','E:/facebook test albums/albums/690053834396886/687648211304115/cover_~US~','E:/facebook test albums/albums/690053834396886/687648211304115',0,'690053834396886');
INSERT INTO "albums" VALUES('561555867246684','iPiccy Photo Editor Photos','E:/facebook test albums/albums/690053834396886/561555867246684/cover_iPiccy Photo Editor Photos','E:/facebook test albums/albums/690053834396886/561555867246684',0,'690053834396886');
INSERT INTO "albums" VALUES('389195581149381','Untitled Album','E:/facebook test albums/albums/690053834396886/389195581149381/cover_Untitled Album','E:/facebook test albums/albums/690053834396886/389195581149381',0,'690053834396886');
INSERT INTO "albums" VALUES('353939811341625','Untitled Album','E:/facebook test albums/albums/690053834396886/353939811341625/cover_Untitled Album','E:/facebook test albums/albums/690053834396886/353939811341625',0,'690053834396886');
INSERT INTO "albums" VALUES('329248553810751','Untitled Album','E:/facebook test albums/albums/690053834396886/329248553810751/cover_Untitled Album','E:/facebook test albums/albums/690053834396886/329248553810751',0,'690053834396886');
INSERT INTO "albums" VALUES('206901112712163','11','E:/facebook test albums/albums/690053834396886/206901112712163/cover_11','E:/facebook test albums/albums/690053834396886/206901112712163',0,'690053834396886');
INSERT INTO "albums" VALUES('206922319376709','hehehOctober 12, 2011','E:/facebook test albums/albums/690053834396886/206922319376709/cover_hehehOctober 12, 2011','E:/facebook test albums/albums/690053834396886/206922319376709',0,'690053834396886');
INSERT INTO "albums" VALUES('164865090249099','super six..............r v crazy','E:/facebook test albums/albums/690053834396886/164865090249099/cover_super six..............r v crazy','E:/facebook test albums/albums/690053834396886/164865090249099',0,'690053834396886');
INSERT INTO "albums" VALUES('131409423594666','ma favrits','E:/facebook test albums/albums/690053834396886/131409423594666/cover_ma favrits','E:/facebook test albums/albums/690053834396886/131409423594666',1,'690053834396886');
CREATE TABLE photos 
    (photo_id TEXT PRIMARY KEY    NOT NULL,
   	 photo_uri		      TEXT    , 			
     album_id     TEXT    NOT NULL,
	 FOREIGN KEY (album_id) REFERENCES albums(album_id)
	 );
INSERT INTO "photos" VALUES('708690252533244','E:/facebook test albums/albums/690053834396886/245394078862866/708690252533244','245394078862866');
INSERT INTO "photos" VALUES('687657601303176','E:/facebook test albums/albums/690053834396886/245394078862866/687657601303176','245394078862866');
INSERT INTO "photos" VALUES('680964935305776','E:/facebook test albums/albums/690053834396886/245394078862866/680964935305776','245394078862866');
INSERT INTO "photos" VALUES('655147064554230','E:/facebook test albums/albums/690053834396886/245394078862866/655147064554230','245394078862866');
INSERT INTO "photos" VALUES('634286836640253','E:/facebook test albums/albums/690053834396886/245394078862866/634286836640253','245394078862866');
INSERT INTO "photos" VALUES('605300232872247','E:/facebook test albums/albums/690053834396886/245394078862866/605300232872247','245394078862866');
INSERT INTO "photos" VALUES('594816083920662','E:/facebook test albums/albums/690053834396886/245394078862866/594816083920662','245394078862866');
INSERT INTO "photos" VALUES('561556760579928','E:/facebook test albums/albums/690053834396886/245394078862866/561556760579928','245394078862866');
INSERT INTO "photos" VALUES('517889778279960','E:/facebook test albums/albums/690053834396886/245394078862866/517889778279960','245394078862866');
INSERT INTO "photos" VALUES('498907743511497','E:/facebook test albums/albums/690053834396886/245394078862866/498907743511497','245394078862866');
INSERT INTO "photos" VALUES('478210035581268','E:/facebook test albums/albums/690053834396886/245394078862866/478210035581268','245394078862866');
INSERT INTO "photos" VALUES('463162843752654','E:/facebook test albums/albums/690053834396886/245394078862866/463162843752654','245394078862866');
INSERT INTO "photos" VALUES('454475294621409','E:/facebook test albums/albums/690053834396886/245394078862866/454475294621409','245394078862866');
INSERT INTO "photos" VALUES('454470487955223','E:/facebook test albums/albums/690053834396886/245394078862866/454470487955223','245394078862866');
INSERT INTO "photos" VALUES('437842676284671','E:/facebook test albums/albums/690053834396886/245394078862866/437842676284671','245394078862866');
INSERT INTO "photos" VALUES('434255423310063','E:/facebook test albums/albums/690053834396886/245394078862866/434255423310063','245394078862866');
INSERT INTO "photos" VALUES('310682735667333','E:/facebook test albums/albums/690053834396886/245394078862866/310682735667333','245394078862866');
INSERT INTO "photos" VALUES('274365315965742','E:/facebook test albums/albums/690053834396886/245394078862866/274365315965742','245394078862866');
INSERT INTO "photos" VALUES('274365219299085','E:/facebook test albums/albums/690053834396886/245394078862866/274365219299085','245394078862866');
INSERT INTO "photos" VALUES('245394082196199','E:/facebook test albums/albums/690053834396886/245394078862866/245394082196199','245394078862866');
INSERT INTO "photos" VALUES('719288288140107','E:/facebook test albums/albums/690053834396886/719288274806775/719288288140107','719288274806775');
INSERT INTO "photos" VALUES('719288361473433','E:/facebook test albums/albums/690053834396886/719288274806775/719288361473433','719288274806775');
INSERT INTO "photos" VALUES('719286104806992','E:/facebook test albums/albums/690053834396886/719286078140328/719286104806992','719286078140328');
INSERT INTO "photos" VALUES('719278128141123','E:/facebook test albums/albums/690053834396886/719278034807799/719278128141123','719278034807799');
INSERT INTO "photos" VALUES('719252484810354','E:/facebook test albums/albums/690053834396886/131398956929046/719252484810354','131398956929046');
INSERT INTO "photos" VALUES('719246524810950','E:/facebook test albums/albums/690053834396886/131398956929046/719246524810950','131398956929046');
INSERT INTO "photos" VALUES('131399716928970','E:/facebook test albums/albums/690053834396886/131398956929046/131399716928970','131398956929046');
INSERT INTO "photos" VALUES('131399350262340','E:/facebook test albums/albums/690053834396886/131398956929046/131399350262340','131398956929046');
INSERT INTO "photos" VALUES('131398960262379','E:/facebook test albums/albums/690053834396886/131398956929046/131398960262379','131398956929046');
INSERT INTO "photos" VALUES('131409503594658','E:/facebook test albums/albums/690053834396886/131409423594666/131409503594658','131409423594666');
INSERT INTO "photos" VALUES('131415150260760','E:/facebook test albums/albums/690053834396886/131409423594666/131415150260760','131409423594666');
INSERT INTO "photos" VALUES('131415270260748','E:/facebook test albums/albums/690053834396886/131409423594666/131415270260748','131409423594666');
INSERT INTO "photos" VALUES('131415923594016','E:/facebook test albums/albums/690053834396886/131409423594666/131415923594016','131409423594666');
INSERT INTO "photos" VALUES('132186156850326','E:/facebook test albums/albums/690053834396886/131409423594666/132186156850326','131409423594666');
INSERT INTO "photos" VALUES('139159236153018','E:/facebook test albums/albums/690053834396886/131409423594666/139159236153018','131409423594666');
INSERT INTO "photos" VALUES('139159266153015','E:/facebook test albums/albums/690053834396886/131409423594666/139159266153015','131409423594666');
INSERT INTO "photos" VALUES('719246558144280','E:/facebook test albums/albums/690053834396886/719245908144345/719246558144280','719245908144345');
INSERT INTO "photos" VALUES('719246631477606','E:/facebook test albums/albums/690053834396886/719245908144345/719246631477606','719245908144345');
INSERT INTO "photos" VALUES('719278068141129','E:/facebook test albums/albums/690053834396886/719245908144345/719278068141129','719245908144345');
INSERT INTO "photos" VALUES('165167496885525','E:/facebook test albums/albums/690053834396886/165167443552197/165167496885525','165167443552197');
INSERT INTO "photos" VALUES('165167513552190','E:/facebook test albums/albums/690053834396886/165167443552197/165167513552190','165167443552197');
INSERT INTO "photos" VALUES('165167523552189','E:/facebook test albums/albums/690053834396886/165167443552197/165167523552189','165167443552197');
INSERT INTO "photos" VALUES('165167543552187','E:/facebook test albums/albums/690053834396886/165167443552197/165167543552187','165167443552197');
INSERT INTO "photos" VALUES('165167553552186','E:/facebook test albums/albums/690053834396886/165167443552197/165167553552186','165167443552197');
INSERT INTO "photos" VALUES('719252161477053','E:/facebook test albums/albums/690053834396886/165167443552197/719252161477053','165167443552197');
INSERT INTO "photos" VALUES('719246501477619','E:/facebook test albums/albums/690053834396886/690068334395436/719246501477619','690068334395436');
INSERT INTO "photos" VALUES('719246444810958','E:/facebook test albums/albums/690053834396886/690068334395436/719246444810958','690068334395436');
INSERT INTO "photos" VALUES('719246311477638','E:/facebook test albums/albums/690053834396886/690068334395436/719246311477638','690068334395436');
INSERT INTO "photos" VALUES('719245938144342','E:/facebook test albums/albums/690053834396886/690068334395436/719245938144342','690068334395436');
INSERT INTO "photos" VALUES('719245914811011','E:/facebook test albums/albums/690053834396886/690068334395436/719245914811011','690068334395436');
INSERT INTO "photos" VALUES('703952639673672','E:/facebook test albums/albums/690053834396886/690068334395436/703952639673672','690068334395436');
INSERT INTO "photos" VALUES('703952326340370','E:/facebook test albums/albums/690053834396886/690068334395436/703952326340370','690068334395436');
INSERT INTO "photos" VALUES('693538860715050','E:/facebook test albums/albums/690053834396886/690068334395436/693538860715050','690068334395436');
INSERT INTO "photos" VALUES('692799177455685','E:/facebook test albums/albums/690053834396886/690068334395436/692799177455685','690068334395436');
INSERT INTO "photos" VALUES('692709810797955','E:/facebook test albums/albums/690053834396886/690068334395436/692709810797955','690068334395436');
INSERT INTO "photos" VALUES('692708637464739','E:/facebook test albums/albums/690053834396886/690068334395436/692708637464739','690068334395436');
INSERT INTO "photos" VALUES('692705474131722','E:/facebook test albums/albums/690053834396886/690068334395436/692705474131722','690068334395436');
INSERT INTO "photos" VALUES('690516074350662','E:/facebook test albums/albums/690053834396886/690068334395436/690516074350662','690068334395436');
INSERT INTO "photos" VALUES('690099204392349','E:/facebook test albums/albums/690053834396886/690068334395436/690099204392349','690068334395436');
CREATE TABLE user_profile 
    (u_id TEXT PRIMARY KEY    NOT NULL,
     u_name           TEXT    NOT NULL,
	 u_pwd		      TEXT    NOT NULL, 			
     access_token     TEXT     
	 );
INSERT INTO "user_profile" VALUES('312262722278060','dk','bJ5+xBcH1bw=','CAAVaMOdUxlYBAHe7xveedsxaCJDZBYEANRT7FcwVNZBfOAgGbcPn0q7qYjCteqvbUvdhsQvb4TGuHsAvHX0KKiil2aV24iHgTWwojJJ1gioWZBFAZA9ZBNrQ7gJ3iutQUbJuLBDPT4R7Mm7SCJat4FpBstdTVyVad3qK0qrmm7GdRCk6KrdqWZA5hR4bawkHJ7Q7yiFoGZA4gnWWWZC9Amn0');
INSERT INTO "user_profile" VALUES('690053834396886','dulitha','bJ5+xBcH1bw=','CAAVaMOdUxlYBAKWbGRs4ghkBWGcwDuMutoSPZCXExp3mZAmPsLFsZC0PbeQUzDGaMZA8K0gVtswgJSz8HRMNdC1NNFbsyJwz5P3jFQuRZCKcfYQlZC3klfQN2lOkYDSGZBJ4LtWwu4MBr2xxCDEcSj8XaobeqFE2gwxf9FBgME9V3vXxneJkAyMFkAZCgns5ZCP6kvUi4EIolX5BWSZCwqo42y');
CREATE TABLE temp_albums 
    (album_id TEXT PRIMARY KEY    NOT NULL,
     album_name           TEXT    ,
	 cover_uri		      TEXT    , 			
     album_uri     TEXT    NOT NULL,
	 u_id	TEXT	NOT NULL,	
	 FOREIGN KEY (u_id) REFERENCES user_profile(u_id)
	 );
CREATE TABLE temp_photos 
    (photo_id TEXT PRIMARY KEY    NOT NULL,
   	 photo_uri		      TEXT    , 			
     album_id     TEXT    NOT NULL,
	 FOREIGN KEY (album_id) REFERENCES temp_albums(album_id)
	 );
COMMIT;
